<?sap.transform simple?>
<tt:transform xmlns:tt="http://www.sap.com/transformation-templates" xmlns:ddic="http://www.sap.com/abapxml/types/dictionary" xmlns:def="http://www.sap.com/abapxml/types/defined">
  <tt:root name="goods_list" type="ddic:ZTT_GETWFR_GOODS_XML"/>
  <tt:template>

    <RecepcionesResponse>
      <RecepcionesArray>
        <tt:loop ref=".goods_list">
          <Recepcion>
            <idHolding>1</idHolding>
            <idEmpresa>1</idEmpresa>
            <rcp_id tt:value-ref="id_lnr"/>
            <rcp_proveedor_fiscalid tt:value-ref="stcd1"/>
            <rcp_proveedor_nombre tt:value-ref="name1"/>
            <rcp_receptor tt:value-ref="id_lnr2"/>
            <rcp_fecha tt:value-ref="budat"/>
            <rcp_oc tt:value-ref="ebeln"/>
            <rcp_montototal tt:value-ref="dmbtr"/>
            <Detalle>
              <tt:loop ref="goods_det">
                <RecepcionResponseDetalle>
                  <rcpdet_id tt:value-ref="id_lnr"/>
                  <rcpdet_linea tt:value-ref="zeile"/>
                  <rcpdet_item_codigo tt:value-ref="matnr"/>
                  <rcpdet_item_descripcion tt:value-ref="maktx"/>
                  <rcpdet_oc tt:value-ref="ebeln"/>
                  <rcpdet_oc_pos tt:value-ref="ebelp"/>
                  <rcpdet_cantidad tt:value-ref="menge"/>
                  <rcpdet_um tt:value-ref="meins"/>
                  <rcpdet_monto_linea tt:value-ref="dmbtr"/>
                </RecepcionResponseDetalle>
              </tt:loop>
            </Detalle>
          </Recepcion>
        </tt:loop>
      </RecepcionesArray>
    </RecepcionesResponse>

  </tt:template>
</tt:transform>
