<?sap.transform simple?>
<tt:transform xmlns:tt="http://www.sap.com/transformation-templates" xmlns:ddic="http://www.sap.com/abapxml/types/dictionary" xmlns:def="http://www.sap.com/abapxml/types/defined">
  <tt:root name="MIR7" type="ddic:ZTT_GETWFR_MIR7_XML"/>
  <tt:template>
    <documento_detalle>
      <tt:loop ref=".MIR7">
        <cabecera>
          <doc_tipo tt:value-ref="doc_tipo"/>
          <doc_subtipo tt:value-ref="doc_subtipo"/>
          <doc_fecha_emision tt:value-ref="doc_fecha_emision"/>
          <doc_fecha_vencimiento tt:value-ref="doc_fecha_venc"/>
          <doc_emisor_fiscalid tt:value-ref="doc_emisor_fiscalid"/>
          <doc_emisor_fiscalid_tipo tt:value-ref="doc_emisor_fiscalid_tipo"/>
          <doc_emisor_razonsocial tt:value-ref="doc_emisor_razonsocial"/>
          <doc_emisor_giro tt:value-ref="doc_emisor_giro"/>
          <doc_emisor_direccion1 tt:value-ref="doc_emisor_direccion1"/>
          <doc_emisor_direccion2 tt:value-ref="doc_emisor_direccion2"/>
          <doc_emisor_direccion3 tt:value-ref="doc_emisor_direccion3"/>
          <doc_emisor_direccion4 tt:value-ref="doc_emisor_direccion4"/>
          <doc_folio tt:value-ref="doc_folio"/>
          <doc_folio_serie tt:value-ref="doc_folio_serie"/>
          <doc_folio_numero tt:value-ref="doc_folio_numero"/>
          <doc_receptor_fiscalid tt:value-ref="doc_receptor_fiscalid"/>
          <doc_receptor_fiscalid_tipo tt:value-ref="doc_receptor_fiscalid_tipo"/>
          <doc_receptor_razonsocial tt:value-ref="doc_receptor_razonsocial"/>
          <doc_receptor_giro tt:value-ref="doc_receptor_giro"/>
          <doc_receptor_direccion1 tt:value-ref="doc_receptor_direccion1"/>
          <doc_receptor_direccion2 tt:value-ref="doc_receptor_direccion2"/>
          <doc_receptor_direccion3 tt:value-ref="doc_receptor_direccion3"/>
          <doc_receptor_direccion4 tt:value-ref="doc_receptor_direccion4"/>
          <doc_monto_afecto tt:value-ref="doc_monto_afecto"/>
          <doc_monto_neto tt:value-ref="doc_monto_neto"/>
          <doc_monto_exento tt:value-ref="doc_monto_exento"/>
          <doc_monto_iva tt:value-ref="doc_monto_iva"/>
          <doc_monto_impuestos tt:value-ref="doc_monto_impuestos"/>
          <doc_monto_total tt:value-ref="doc_monto_total"/>
          <doc_moneda tt:value-ref="doc_moneda"/>
          <doc_moneda_factorcambio tt:value-ref="doc_moneda_factorcambio"/>
          <doc_formapago tt:value-ref="doc_formapago"/>
          <doc_archivado tt:value-ref="doc_archivado"/>
        </cabecera>
       <ordenes_compra>
        <tt:loop ref="orden_compra">
            <orden_compra>
              <oc_id                     tt:value-ref="oc_id"/>
              <tipooc                    tt:value-ref="tipooc"/>
              <oc_fecha                  tt:value-ref="oc_fecha"/>
              <idsolicitante             tt:value-ref="idsolicitante"/>
              <oc_montototal             tt:value-ref="oc_montototal"/>
              <oc_receptor_fiscalid      tt:value-ref="oc_receptor_fiscalid"/>
              <oc_receptor_fiscalid_tipo tt:value-ref="oc_receptor_fiscalid_tipo"/>
              <detalle>
              <tt:loop ref="DETALLE">
                  <linea id="0">
                    <oc_id             tt:value-ref="oc_id"/>
                    <ocdet_linea       tt:value-ref="ocdet_linea"/>
                    <ocdet_item_codigo tt:value-ref="ocdet_item_codigo"/>
                    <ocdet_item_nombre tt:value-ref="ocdet_item_nombre"/>
                    <ocdet_cantidad    tt:value-ref="ocdet_cantidad"/>
                    <ocdet_um          tt:value-ref="ocdet_um"/>
                    <ocdet_unitario    tt:value-ref="ocdet_unitario"/>
                    <ocdet_monto_linea tt:value-ref="ocdet_monto_linea"/>
                  </linea>
              </tt:loop>
              </detalle>
            </orden_compra>
        </tt:loop>
       </ordenes_compra>
        <recepciones>
          <tt:loop ref="RECEPCION">
            <recepcion>
              <rcp_id                      tt:value-ref="rcp_id"/>
              <rcp_fecha                   tt:value-ref="rcp_fecha"/>
              <rcp_oc                      tt:value-ref="rcp_oc"/>
              <rcp_montototal              tt:value-ref="rcp_montototal"/>
              <rcp_proveedor_fiscalid      tt:value-ref="rcp_proveedor_fiscalid"/>
              <rcp_proveedor_fiscalid_tipo tt:value-ref="rcp_proveedor_fiscalid_tipo"/>
              <rcp_receptor                tt:value-ref="rcp_receptor"/>
              <detalle>
                <tt:loop ref="detalle_r">
                  <linea id="0">
                    <rcp_id                  tt:value-ref="rcp_id "/>
                    <rcpdet_linea            tt:value-ref="rcpdet_linea"/>
                    <rcpdet_oc               tt:value-ref="rcpdet_oc"/>
                    <rcpdet_oc_linea         tt:value-ref="rcpdet_oc_linea"/>
                    <rcpdet_item_codigo      tt:value-ref="rcpdet_item_codigo"/>
                    <rcpdet_item_descripcion tt:value-ref="rcpdet_item_descripcion"/>
                    <rcpdet_cantidad         tt:value-ref="rcpdet_cantidad"/>
                    <rcpdet_um               tt:value-ref="rcpdet_um"/>
                    <rcpdet_monto_linea      tt:value-ref="rcpdet_monto_linea"/>
                  </linea>
                </tt:loop>
              </detalle>
            </recepcion>
          </tt:loop>
        </recepciones>
      </tt:loop>
    </documento_detalle>
  </tt:template>
</tt:transform>
