<?sap.transform simple?>
<tt:transform xmlns:tt="http://www.sap.com/transformation-templates" xmlns:ddic="http://www.sap.com/abapxml/types/dictionary" xmlns:def="http://www.sap.com/abapxml/types/defined">
  <tt:root name="vendors" type="ddic:ZTT_GETWFR_VENDOR_XML"/>
  <tt:template>

    <ProveedoresResponse>
      <ProveedoresArray>
        <tt:loop ref=".vendors">
          <Proveedor>
            <ter_id tt:value-ref="lifnr"/>
            <ter_rut tt:value-ref="stcd1"/>
            <ter_razonsocial1 tt:value-ref="name1"/>
          </Proveedor>
        </tt:loop>
      </ProveedoresArray>
    </ProveedoresResponse>

  </tt:template>
</tt:transform>
