<?sap.transform simple?>
<tt:transform xmlns:tt="http://www.sap.com/transformation-templates" xmlns:ddic="http://www.sap.com/abapxml/types/dictionary" xmlns:def="http://www.sap.com/abapxml/types/defined">
  <tt:root name="FIN_ACC" type="ddic:ZTT_GETWFR_FIN_ACC_XML"/>
  <tt:template>
    <CuentasContablesResponse>
      <CuentasContablesArray>
        <tt:loop ref=".FIN_ACC">
          <CuentaContable>
            <id>1</id>
            <idholding/>
            <idempresa/>
            <idacc/>
            <acc_concepto1>Cuenta Contable</acc_concepto1>
            <acc_descripcion1 tt:value-ref="DESCRIP"/>
            <acc_id tt:value-ref="SAKNR"/>
          </CuentaContable>
        </tt:loop>
      </CuentasContablesArray>
    </CuentasContablesResponse>
  </tt:template>
</tt:transform>
