<?sap.transform simple?>
<tt:transform xmlns:tt="http://www.sap.com/transformation-templates" xmlns:ddic="http://www.sap.com/abapxml/types/dictionary" xmlns:def="http://www.sap.com/abapxml/types/defined">
  <tt:root name="receive_inv" type="ddic:ZTT_GETWFR_INVOICE_XML"/>
  <tt:template>
    <DocumentosContabilizadosResponse>
      <DocumentosContabilizadosArray>
        <tt:loop ref=".receive_inv">
          <DocumentosContabilizado>
            <idempresa>1</idempresa>
            <fac_id tt:value-ref="fac_id"/>
            <fac_doc_subtipo tt:value-ref="fac_subtype"/>
            <fac_doc_folio tt:value-ref="xblnr"/>
            <fac_doc_emisor_fiscalid tt:value-ref="stcd1"/>
            <fac_doc_emisor_nombre tt:value-ref="name1"/>
            <codproveedor tt:value-ref="lifnr"/>
            <Fecha_emision tt:value-ref="bldat"/>
            <Fecha_contab tt:value-ref="budat"/>
            <Subtotal tt:value-ref="sub_rmwwr"/>
            <fac_doc_monto_iva tt:value-ref="wmwst1"/>
            <fac_doc_monto tt:value-ref="rmwwr"/>
            <Otros_impuestos tt:value-ref="wmswt2"/>
            <usuario>acontabilidad</usuario>
            <nombreusuario>Analista Contabilidad</nombreusuario>
          </DocumentosContabilizado>
        </tt:loop>
      </DocumentosContabilizadosArray>
    </DocumentosContabilizadosResponse>
  </tt:template>
</tt:transform>
