<?sap.transform simple?>
<tt:transform xmlns:tt="http://www.sap.com/transformation-templates" xmlns:ddic="http://www.sap.com/abapxml/types/dictionary" xmlns:def="http://www.sap.com/abapxml/types/defined">
  <tt:root name="po_list" type="ddic:ZTT_GETWFR_PO_XML"/>
  <tt:template>
    <OrdenesCompraResponse>
      <OrdenesCompraArray>
        <tt:loop ref=".po_list">
          <OrdenDeCompra>
            <oc_id tt:value-ref="ebeln"/>
            <oc_receptor_fiscalid tt:value-ref="stcd1"/>
            <oc_receptor_nombre tt:value-ref="name1"/>
            <oc_oc tt:value-ref="ebeln2"/>
            <oc_fecha tt:value-ref="bedat"/>
            <oc_montototal tt:value-ref="effwr"/>
            <idsolicitante tt:value-ref="ernam"/>
            <tipooc tt:value-ref="bsart"/>
            <Detalle>
              <tt:loop ref="po_det">
                <OrdenCompraResponseDetalle>
                  <ocdet_linea tt:value-ref="ebelp"/>
                  <oc_id tt:value-ref="ebeln"/>
                  <ocdet_item_codigo tt:value-ref="matnr"/>
                  <ocdet_item_nombre tt:value-ref="txz01"/>
                  <ocdet_cantidad tt:value-ref="menge"/>
                  <ocdet_um tt:value-ref="meins"/>
                  <ocdet_unitario tt:value-ref="netpr"/>
                  <ocdet_monto_linea tt:value-ref="netwr"/>
                </OrdenCompraResponseDetalle>
              </tt:loop>
            </Detalle>
          </OrdenDeCompra>
        </tt:loop>
      </OrdenesCompraArray>
    </OrdenesCompraResponse>
  </tt:template>
</tt:transform>
