﻿<?xml version="1.0" encoding="utf-8"?>
<abapGit version="v1.0.0" serializer="LCL_OBJECT_CLAS" serializer_version="v1.0.0">
 <asx:abap xmlns:asx="http://www.sap.com/abapxml" version="1.0">
  <asx:values>
   <VSEOCLASS>
    <CLSNAME>ZCL_GETWFR_001</CLSNAME>
    <LANGU>S</LANGU>
    <DESCRIPT>HDG-GetWFR SAP Connector Class</DESCRIPT>
    <STATE>1</STATE>
    <CLSCCINCL>X</CLSCCINCL>
    <FIXPT>X</FIXPT>
    <UNICODE>X</UNICODE>
   </VSEOCLASS>
   <TPOOL>
    <item>
     <ID>I</ID>
     <KEY>L00</KEY>
     <ENTRY>***** PROCESO CARGA FACTURAS RECIBIDAS XML *****</ENTRY>
     <LENGTH>96</LENGTH>
    </item>
    <item>
     <ID>I</ID>
     <KEY>L01</KEY>
     <ENTRY> Directorio :</ENTRY>
     <LENGTH>23</LENGTH>
    </item>
   </TPOOL>
   <DESCRIPTIONS>
    <SEOCOMPOTX>
     <CLSNAME>ZCL_GETWFR_001</CLSNAME>
     <CMPNAME>CHECK_INVOICE_EXIST</CMPNAME>
     <LANGU>S</LANGU>
     <DESCRIPT>Verifica existencia de factura recibida</DESCRIPT>
    </SEOCOMPOTX>
    <SEOCOMPOTX>
     <CLSNAME>ZCL_GETWFR_001</CLSNAME>
     <CMPNAME>CHECK_TAXCODE_CO</CMPNAME>
     <LANGU>S</LANGU>
     <DESCRIPT>Digito verificacion</DESCRIPT>
    </SEOCOMPOTX>
    <SEOCOMPOTX>
     <CLSNAME>ZCL_GETWFR_001</CLSNAME>
     <CMPNAME>CLASS_CONSTRUCTOR</CMPNAME>
     <LANGU>S</LANGU>
     <DESCRIPT>CLASS_CONSTRUCTOR</DESCRIPT>
    </SEOCOMPOTX>
    <SEOCOMPOTX>
     <CLSNAME>ZCL_GETWFR_001</CLSNAME>
     <CMPNAME>DELETE_FILE</CMPNAME>
     <LANGU>S</LANGU>
     <DESCRIPT>Borrar archivos actuales</DESCRIPT>
    </SEOCOMPOTX>
    <SEOCOMPOTX>
     <CLSNAME>ZCL_GETWFR_001</CLSNAME>
     <CMPNAME>EXECUTE_BAPI_MIR7</CMPNAME>
     <LANGU>S</LANGU>
     <DESCRIPT>Mapping Bapi Incominginvoice</DESCRIPT>
    </SEOCOMPOTX>
    <SEOCOMPOTX>
     <CLSNAME>ZCL_GETWFR_001</CLSNAME>
     <CMPNAME>GC_GETWFR_PARAM_P10</CMPNAME>
     <LANGU>S</LANGU>
     <DESCRIPT>ABA: Nombre de variables en variante</DESCRIPT>
    </SEOCOMPOTX>
    <SEOCOMPOTX>
     <CLSNAME>ZCL_GETWFR_001</CLSNAME>
     <CMPNAME>GC_GETWFR_PARAM_S15</CMPNAME>
     <LANGU>S</LANGU>
     <DESCRIPT>Excluir cuentas</DESCRIPT>
    </SEOCOMPOTX>
    <SEOCOMPOTX>
     <CLSNAME>ZCL_GETWFR_001</CLSNAME>
     <CMPNAME>GC_GETWFR_PARAM_S16</CMPNAME>
     <LANGU>S</LANGU>
     <DESCRIPT>ABA: Nombre de variables en variante</DESCRIPT>
    </SEOCOMPOTX>
    <SEOCOMPOTX>
     <CLSNAME>ZCL_GETWFR_001</CLSNAME>
     <CMPNAME>GC_REMOVE_COMMAND</CMPNAME>
     <LANGU>S</LANGU>
     <DESCRIPT>Nombre del comando lógico</DESCRIPT>
    </SEOCOMPOTX>
    <SEOCOMPOTX>
     <CLSNAME>ZCL_GETWFR_001</CLSNAME>
     <CMPNAME>GENERATE_RESPONSE</CMPNAME>
     <LANGU>S</LANGU>
     <DESCRIPT>Response</DESCRIPT>
    </SEOCOMPOTX>
    <SEOCOMPOTX>
     <CLSNAME>ZCL_GETWFR_001</CLSNAME>
     <CMPNAME>GET_FIN_ACC_LIST</CMPNAME>
     <LANGU>S</LANGU>
     <DESCRIPT>List of Financial Accounts</DESCRIPT>
    </SEOCOMPOTX>
    <SEOCOMPOTX>
     <CLSNAME>ZCL_GETWFR_001</CLSNAME>
     <CMPNAME>GET_GOODS_MOV_LIST</CMPNAME>
     <LANGU>S</LANGU>
     <DESCRIPT>List of Goods/Services Movement</DESCRIPT>
    </SEOCOMPOTX>
    <SEOCOMPOTX>
     <CLSNAME>ZCL_GETWFR_001</CLSNAME>
     <CMPNAME>GET_PARAM</CMPNAME>
     <LANGU>S</LANGU>
     <DESCRIPT>Stvarvc Values Params</DESCRIPT>
    </SEOCOMPOTX>
    <SEOCOMPOTX>
     <CLSNAME>ZCL_GETWFR_001</CLSNAME>
     <CMPNAME>GET_PO_LIST</CMPNAME>
     <LANGU>S</LANGU>
     <DESCRIPT>List of Purchase Orders</DESCRIPT>
    </SEOCOMPOTX>
    <SEOCOMPOTX>
     <CLSNAME>ZCL_GETWFR_001</CLSNAME>
     <CMPNAME>GET_PRODUCT_TYPE</CMPNAME>
     <LANGU>S</LANGU>
     <DESCRIPT>Conocer el tipo de producto</DESCRIPT>
    </SEOCOMPOTX>
    <SEOCOMPOTX>
     <CLSNAME>ZCL_GETWFR_001</CLSNAME>
     <CMPNAME>GET_RANGE</CMPNAME>
     <LANGU>S</LANGU>
     <DESCRIPT>Stvarvc Values Range</DESCRIPT>
    </SEOCOMPOTX>
    <SEOCOMPOTX>
     <CLSNAME>ZCL_GETWFR_001</CLSNAME>
     <CMPNAME>GET_RECEIVE_INV_LIST</CMPNAME>
     <LANGU>S</LANGU>
     <DESCRIPT>List of Receive invoice</DESCRIPT>
    </SEOCOMPOTX>
    <SEOCOMPOTX>
     <CLSNAME>ZCL_GETWFR_001</CLSNAME>
     <CMPNAME>GET_VENDOR_LIST</CMPNAME>
     <LANGU>S</LANGU>
     <DESCRIPT>List of Vendors</DESCRIPT>
    </SEOCOMPOTX>
    <SEOCOMPOTX>
     <CLSNAME>ZCL_GETWFR_001</CLSNAME>
     <CMPNAME>GET_XML_TI</CMPNAME>
     <LANGU>S</LANGU>
     <DESCRIPT>Deserealization</DESCRIPT>
    </SEOCOMPOTX>
    <SEOCOMPOTX>
     <CLSNAME>ZCL_GETWFR_001</CLSNAME>
     <CMPNAME>GR_BU_GROUP</CMPNAME>
     <LANGU>S</LANGU>
     <DESCRIPT>ZTT_GETWFR_TVARVC_R</DESCRIPT>
    </SEOCOMPOTX>
    <SEOCOMPOTX>
     <CLSNAME>ZCL_GETWFR_001</CLSNAME>
     <CMPNAME>GTI_RECEPCION</CMPNAME>
     <LANGU>S</LANGU>
     <DESCRIPT>Tipo tabla recepcion</DESCRIPT>
    </SEOCOMPOTX>
    <SEOCOMPOTX>
     <CLSNAME>ZCL_GETWFR_001</CLSNAME>
     <CMPNAME>GTY_RECEPCION</CMPNAME>
     <LANGU>S</LANGU>
     <DESCRIPT>Tipo tabla recepcion</DESCRIPT>
    </SEOCOMPOTX>
    <SEOCOMPOTX>
     <CLSNAME>ZCL_GETWFR_001</CLSNAME>
     <CMPNAME>GV_EXTEN</CMPNAME>
     <LANGU>S</LANGU>
     <DESCRIPT>ABAP: Valor de selección (valor LOW, HIGH, formato externo)</DESCRIPT>
    </SEOCOMPOTX>
    <SEOCOMPOTX>
     <CLSNAME>ZCL_GETWFR_001</CLSNAME>
     <CMPNAME>GV_PAY_METHOD</CMPNAME>
     <LANGU>S</LANGU>
     <DESCRIPT>ABAP: Valor de selección (valor LOW, HIGH, formato externo)</DESCRIPT>
    </SEOCOMPOTX>
    <SEOCOMPOTX>
     <CLSNAME>ZCL_GETWFR_001</CLSNAME>
     <CMPNAME>GV_SUFFIX</CMPNAME>
     <LANGU>S</LANGU>
     <DESCRIPT>ABAP: Valor de selección (valor LOW, HIGH, formato externo)</DESCRIPT>
    </SEOCOMPOTX>
    <SEOCOMPOTX>
     <CLSNAME>ZCL_GETWFR_001</CLSNAME>
     <CMPNAME>LOAD_PARAMS</CMPNAME>
     <LANGU>S</LANGU>
     <DESCRIPT>Stvarvc Load Params</DESCRIPT>
    </SEOCOMPOTX>
    <SEOCOMPOTX>
     <CLSNAME>ZCL_GETWFR_001</CLSNAME>
     <CMPNAME>MOVE_FILE</CMPNAME>
     <LANGU>S</LANGU>
     <DESCRIPT>Mover archivo</DESCRIPT>
    </SEOCOMPOTX>
    <SEOCOMPOTX>
     <CLSNAME>ZCL_GETWFR_001</CLSNAME>
     <CMPNAME>PROCESS_FOLDER</CMPNAME>
     <LANGU>S</LANGU>
     <DESCRIPT>Process files on Incoming Invoice Folder</DESCRIPT>
    </SEOCOMPOTX>
    <SEOCOMPOTX>
     <CLSNAME>ZCL_GETWFR_001</CLSNAME>
     <CMPNAME>PROCESS_XML</CMPNAME>
     <LANGU>S</LANGU>
     <DESCRIPT>Process XML</DESCRIPT>
    </SEOCOMPOTX>
    <SEOCOMPOTX>
     <CLSNAME>ZCL_GETWFR_001</CLSNAME>
     <CMPNAME>XML_DOWNLOAD</CMPNAME>
     <LANGU>S</LANGU>
     <DESCRIPT>XML Download on Server</DESCRIPT>
    </SEOCOMPOTX>
    <SEOCOMPOTX>
     <CLSNAME>ZCL_GETWFR_001</CLSNAME>
     <CMPNAME>XML_PRETTY_PRINTER</CMPNAME>
     <LANGU>S</LANGU>
     <DESCRIPT>XML Formating</DESCRIPT>
    </SEOCOMPOTX>
   </DESCRIPTIONS>
  </asx:values>
 </asx:abap>
</abapGit>
