﻿<?xml version="1.0" encoding="utf-8"?>
<abapGit version="v1.0.0" serializer="LCL_OBJECT_SUSO" serializer_version="v1.0.0">
 <asx:abap xmlns:asx="http://www.sap.com/abapxml" version="1.0">
  <asx:values>
   <TOBJ>
    <OBJCT>ZGETWFR01</OBJCT>
    <FIEL1>ACTVT</FIEL1>
    <OCLSS>ZHDG</OCLSS>
   </TOBJ>
   <TOBJT>
    <LANGU>S</LANGU>
    <OBJECT>ZGETWFR01</OBJECT>
    <TTEXT>Obj.Autoriz. GETWFR SAP Connector</TTEXT>
   </TOBJT>
   <TOBJVORFLG>
    <OBJCT>ZGETWFR01</OBJCT>
   </TOBJVORFLG>
  </asx:values>
 </asx:abap>
</abapGit>
