﻿<?xml version="1.0" encoding="utf-8"?>
<abapGit version="v1.0.0" serializer="LCL_OBJECT_TABL" serializer_version="v1.0.0">
 <asx:abap xmlns:asx="http://www.sap.com/abapxml" version="1.0">
  <asx:values>
   <DD02V>
    <TABNAME>ZST_GETWFR_INVOICE_XML</TABNAME>
    <DDLANGUAGE>S</DDLANGUAGE>
    <TABCLASS>INTTAB</TABCLASS>
    <DDTEXT>ZST_GETWFR_INVOICE_XML</DDTEXT>
    <EXCLASS>4</EXCLASS>
   </DD02V>
   <DD03P_TABLE>
    <DD03P>
     <TABNAME>ZST_GETWFR_INVOICE_XML</TABNAME>
     <FIELDNAME>FAC_ID</FIELDNAME>
     <DDLANGUAGE>S</DDLANGUAGE>
     <POSITION>0001</POSITION>
     <ADMINFIELD>0</ADMINFIELD>
     <INTTYPE>g</INTTYPE>
     <INTLEN>000008</INTLEN>
     <DATATYPE>STRG</DATATYPE>
     <MASK>  STRG</MASK>
     <DDTEXT>Invoice ID</DDTEXT>
    </DD03P>
    <DD03P>
     <TABNAME>ZST_GETWFR_INVOICE_XML</TABNAME>
     <FIELDNAME>FAC_SUBTYPE</FIELDNAME>
     <DDLANGUAGE>S</DDLANGUAGE>
     <POSITION>0002</POSITION>
     <ADMINFIELD>0</ADMINFIELD>
     <INTTYPE>g</INTTYPE>
     <INTLEN>000008</INTLEN>
     <DATATYPE>STRG</DATATYPE>
     <MASK>  STRG</MASK>
     <DDTEXT>Invoice Subtype</DDTEXT>
    </DD03P>
    <DD03P>
     <TABNAME>ZST_GETWFR_INVOICE_XML</TABNAME>
     <FIELDNAME>STCD1</FIELDNAME>
     <DDLANGUAGE>S</DDLANGUAGE>
     <POSITION>0003</POSITION>
     <ADMINFIELD>0</ADMINFIELD>
     <INTTYPE>g</INTTYPE>
     <INTLEN>000008</INTLEN>
     <DATATYPE>STRG</DATATYPE>
     <MASK>  STRG</MASK>
     <DDTEXT>Invoice FiscalID</DDTEXT>
    </DD03P>
    <DD03P>
     <TABNAME>ZST_GETWFR_INVOICE_XML</TABNAME>
     <FIELDNAME>NAME1</FIELDNAME>
     <DDLANGUAGE>S</DDLANGUAGE>
     <POSITION>0004</POSITION>
     <ADMINFIELD>0</ADMINFIELD>
     <INTTYPE>g</INTTYPE>
     <INTLEN>000008</INTLEN>
     <DATATYPE>STRG</DATATYPE>
     <MASK>  STRG</MASK>
     <DDTEXT>Invoice Name1</DDTEXT>
    </DD03P>
    <DD03P>
     <TABNAME>ZST_GETWFR_INVOICE_XML</TABNAME>
     <FIELDNAME>XBLNR</FIELDNAME>
     <DDLANGUAGE>S</DDLANGUAGE>
     <POSITION>0005</POSITION>
     <ADMINFIELD>0</ADMINFIELD>
     <INTTYPE>g</INTTYPE>
     <INTLEN>000008</INTLEN>
     <DATATYPE>STRG</DATATYPE>
     <MASK>  STRG</MASK>
     <DDTEXT>Invoice Number</DDTEXT>
    </DD03P>
    <DD03P>
     <TABNAME>ZST_GETWFR_INVOICE_XML</TABNAME>
     <FIELDNAME>BLDAT</FIELDNAME>
     <DDLANGUAGE>S</DDLANGUAGE>
     <POSITION>0006</POSITION>
     <ADMINFIELD>0</ADMINFIELD>
     <INTTYPE>g</INTTYPE>
     <INTLEN>000008</INTLEN>
     <DATATYPE>STRG</DATATYPE>
     <MASK>  STRG</MASK>
     <DDTEXT>Create Invoice Date</DDTEXT>
    </DD03P>
    <DD03P>
     <TABNAME>ZST_GETWFR_INVOICE_XML</TABNAME>
     <FIELDNAME>BUDAT</FIELDNAME>
     <DDLANGUAGE>S</DDLANGUAGE>
     <POSITION>0007</POSITION>
     <ADMINFIELD>0</ADMINFIELD>
     <INTTYPE>g</INTTYPE>
     <INTLEN>000008</INTLEN>
     <DATATYPE>STRG</DATATYPE>
     <MASK>  STRG</MASK>
     <DDTEXT>Receive Invoice Date</DDTEXT>
    </DD03P>
    <DD03P>
     <TABNAME>ZST_GETWFR_INVOICE_XML</TABNAME>
     <FIELDNAME>SUB_RMWWR</FIELDNAME>
     <DDLANGUAGE>S</DDLANGUAGE>
     <POSITION>0008</POSITION>
     <ADMINFIELD>0</ADMINFIELD>
     <INTTYPE>g</INTTYPE>
     <INTLEN>000008</INTLEN>
     <DATATYPE>STRG</DATATYPE>
     <MASK>  STRG</MASK>
     <DDTEXT>Invoice Subtotal</DDTEXT>
    </DD03P>
    <DD03P>
     <TABNAME>ZST_GETWFR_INVOICE_XML</TABNAME>
     <FIELDNAME>WMWST1</FIELDNAME>
     <DDLANGUAGE>S</DDLANGUAGE>
     <POSITION>0009</POSITION>
     <ADMINFIELD>0</ADMINFIELD>
     <INTTYPE>g</INTTYPE>
     <INTLEN>000008</INTLEN>
     <DATATYPE>STRG</DATATYPE>
     <MASK>  STRG</MASK>
     <DDTEXT>Tax1</DDTEXT>
    </DD03P>
    <DD03P>
     <TABNAME>ZST_GETWFR_INVOICE_XML</TABNAME>
     <FIELDNAME>WMSWT2</FIELDNAME>
     <DDLANGUAGE>S</DDLANGUAGE>
     <POSITION>0010</POSITION>
     <ADMINFIELD>0</ADMINFIELD>
     <INTTYPE>g</INTTYPE>
     <INTLEN>000008</INTLEN>
     <DATATYPE>STRG</DATATYPE>
     <MASK>  STRG</MASK>
     <DDTEXT>Tax2</DDTEXT>
    </DD03P>
    <DD03P>
     <TABNAME>ZST_GETWFR_INVOICE_XML</TABNAME>
     <FIELDNAME>RMWWR</FIELDNAME>
     <DDLANGUAGE>S</DDLANGUAGE>
     <POSITION>0011</POSITION>
     <ADMINFIELD>0</ADMINFIELD>
     <INTTYPE>g</INTTYPE>
     <INTLEN>000008</INTLEN>
     <DATATYPE>STRG</DATATYPE>
     <MASK>  STRG</MASK>
     <DDTEXT>Invoice Total</DDTEXT>
    </DD03P>
    <DD03P>
     <TABNAME>ZST_GETWFR_INVOICE_XML</TABNAME>
     <FIELDNAME>LIFNR</FIELDNAME>
     <DDLANGUAGE>S</DDLANGUAGE>
     <POSITION>0012</POSITION>
     <ADMINFIELD>0</ADMINFIELD>
     <INTTYPE>g</INTTYPE>
     <INTLEN>000008</INTLEN>
     <DATATYPE>STRG</DATATYPE>
     <MASK>  STRG</MASK>
     <DDTEXT>Vendor ID</DDTEXT>
    </DD03P>
   </DD03P_TABLE>
  </asx:values>
 </asx:abap>
</abapGit>
