﻿<?xml version="1.0" encoding="utf-8"?>
<abapGit version="v1.0.0" serializer="LCL_OBJECT_TABL" serializer_version="v1.0.0">
 <asx:abap xmlns:asx="http://www.sap.com/abapxml" version="1.0">
  <asx:values>
   <DD02V>
    <TABNAME>ZST_GETWFR_MIR7_PROP</TABNAME>
    <DDLANGUAGE>S</DDLANGUAGE>
    <TABCLASS>INTTAB</TABCLASS>
    <DDTEXT>ZST_GETWFR_MIR7_PROP</DDTEXT>
    <EXCLASS>4</EXCLASS>
   </DD02V>
   <DD03P_TABLE>
    <DD03P>
     <TABNAME>ZST_GETWFR_MIR7_PROP</TABNAME>
     <FIELDNAME>MATCH_OC</FIELDNAME>
     <DDLANGUAGE>S</DDLANGUAGE>
     <POSITION>0001</POSITION>
     <ADMINFIELD>0</ADMINFIELD>
     <INTTYPE>g</INTTYPE>
     <INTLEN>000008</INTLEN>
     <DATATYPE>STRG</DATATYPE>
     <MASK>  STRG</MASK>
    </DD03P>
    <DD03P>
     <TABNAME>ZST_GETWFR_MIR7_PROP</TABNAME>
     <FIELDNAME>MONTO_OC</FIELDNAME>
     <DDLANGUAGE>S</DDLANGUAGE>
     <POSITION>0002</POSITION>
     <ADMINFIELD>0</ADMINFIELD>
     <INTTYPE>g</INTTYPE>
     <INTLEN>000008</INTLEN>
     <DATATYPE>STRG</DATATYPE>
     <MASK>  STRG</MASK>
    </DD03P>
    <DD03P>
     <TABNAME>ZST_GETWFR_MIR7_PROP</TABNAME>
     <FIELDNAME>MATCH_RCP</FIELDNAME>
     <DDLANGUAGE>S</DDLANGUAGE>
     <POSITION>0003</POSITION>
     <ADMINFIELD>0</ADMINFIELD>
     <INTTYPE>g</INTTYPE>
     <INTLEN>000008</INTLEN>
     <DATATYPE>STRG</DATATYPE>
     <MASK>  STRG</MASK>
    </DD03P>
    <DD03P>
     <TABNAME>ZST_GETWFR_MIR7_PROP</TABNAME>
     <FIELDNAME>MONTO_RCP</FIELDNAME>
     <DDLANGUAGE>S</DDLANGUAGE>
     <POSITION>0004</POSITION>
     <ADMINFIELD>0</ADMINFIELD>
     <INTTYPE>g</INTTYPE>
     <INTLEN>000008</INTLEN>
     <DATATYPE>STRG</DATATYPE>
     <MASK>  STRG</MASK>
    </DD03P>
    <DD03P>
     <TABNAME>ZST_GETWFR_MIR7_PROP</TABNAME>
     <FIELDNAME>LISTADO_OC</FIELDNAME>
     <DDLANGUAGE>S</DDLANGUAGE>
     <POSITION>0005</POSITION>
     <ADMINFIELD>0</ADMINFIELD>
     <INTTYPE>g</INTTYPE>
     <INTLEN>000008</INTLEN>
     <DATATYPE>STRG</DATATYPE>
     <MASK>  STRG</MASK>
    </DD03P>
    <DD03P>
     <TABNAME>ZST_GETWFR_MIR7_PROP</TABNAME>
     <FIELDNAME>DIAN_ESTADO</FIELDNAME>
     <DDLANGUAGE>S</DDLANGUAGE>
     <POSITION>0006</POSITION>
     <ADMINFIELD>0</ADMINFIELD>
     <INTTYPE>g</INTTYPE>
     <INTLEN>000008</INTLEN>
     <DATATYPE>STRG</DATATYPE>
     <MASK>  STRG</MASK>
    </DD03P>
    <DD03P>
     <TABNAME>ZST_GETWFR_MIR7_PROP</TABNAME>
     <FIELDNAME>LISTADO_RCP</FIELDNAME>
     <DDLANGUAGE>S</DDLANGUAGE>
     <POSITION>0007</POSITION>
     <ADMINFIELD>0</ADMINFIELD>
     <INTTYPE>g</INTTYPE>
     <INTLEN>000008</INTLEN>
     <DATATYPE>STRG</DATATYPE>
     <MASK>  STRG</MASK>
    </DD03P>
    <DD03P>
     <TABNAME>ZST_GETWFR_MIR7_PROP</TABNAME>
     <FIELDNAME>MENSAJE_ERP</FIELDNAME>
     <DDLANGUAGE>S</DDLANGUAGE>
     <POSITION>0008</POSITION>
     <ADMINFIELD>0</ADMINFIELD>
     <INTTYPE>g</INTTYPE>
     <INTLEN>000008</INTLEN>
     <DATATYPE>STRG</DATATYPE>
     <MASK>  STRG</MASK>
    </DD03P>
    <DD03P>
     <TABNAME>ZST_GETWFR_MIR7_PROP</TABNAME>
     <FIELDNAME>INTERFAZ_ERP</FIELDNAME>
     <DDLANGUAGE>S</DDLANGUAGE>
     <POSITION>0009</POSITION>
     <ADMINFIELD>0</ADMINFIELD>
     <INTTYPE>g</INTTYPE>
     <INTLEN>000008</INTLEN>
     <DATATYPE>STRG</DATATYPE>
     <MASK>  STRG</MASK>
    </DD03P>
    <DD03P>
     <TABNAME>ZST_GETWFR_MIR7_PROP</TABNAME>
     <FIELDNAME>RADIAN_ACUSE</FIELDNAME>
     <DDLANGUAGE>S</DDLANGUAGE>
     <POSITION>0010</POSITION>
     <ADMINFIELD>0</ADMINFIELD>
     <INTTYPE>g</INTTYPE>
     <INTLEN>000008</INTLEN>
     <DATATYPE>STRG</DATATYPE>
     <MASK>  STRG</MASK>
    </DD03P>
    <DD03P>
     <TABNAME>ZST_GETWFR_MIR7_PROP</TABNAME>
     <FIELDNAME>APROBACION_ID</FIELDNAME>
     <DDLANGUAGE>S</DDLANGUAGE>
     <POSITION>0011</POSITION>
     <ADMINFIELD>0</ADMINFIELD>
     <INTTYPE>g</INTTYPE>
     <INTLEN>000008</INTLEN>
     <DATATYPE>STRG</DATATYPE>
     <MASK>  STRG</MASK>
    </DD03P>
    <DD03P>
     <TABNAME>ZST_GETWFR_MIR7_PROP</TABNAME>
     <FIELDNAME>APROBACION_ARBOL</FIELDNAME>
     <DDLANGUAGE>S</DDLANGUAGE>
     <POSITION>0012</POSITION>
     <ADMINFIELD>0</ADMINFIELD>
     <INTTYPE>g</INTTYPE>
     <INTLEN>000008</INTLEN>
     <DATATYPE>STRG</DATATYPE>
     <MASK>  STRG</MASK>
    </DD03P>
    <DD03P>
     <TABNAME>ZST_GETWFR_MIR7_PROP</TABNAME>
     <FIELDNAME>RADIAN_RECEPCION</FIELDNAME>
     <DDLANGUAGE>S</DDLANGUAGE>
     <POSITION>0013</POSITION>
     <ADMINFIELD>0</ADMINFIELD>
     <INTTYPE>g</INTTYPE>
     <INTLEN>000008</INTLEN>
     <DATATYPE>STRG</DATATYPE>
     <MASK>  STRG</MASK>
    </DD03P>
    <DD03P>
     <TABNAME>ZST_GETWFR_MIR7_PROP</TABNAME>
     <FIELDNAME>APROBACION_CODIGO</FIELDNAME>
     <DDLANGUAGE>S</DDLANGUAGE>
     <POSITION>0014</POSITION>
     <ADMINFIELD>0</ADMINFIELD>
     <INTTYPE>g</INTTYPE>
     <INTLEN>000008</INTLEN>
     <DATATYPE>STRG</DATATYPE>
     <MASK>  STRG</MASK>
    </DD03P>
    <DD03P>
     <TABNAME>ZST_GETWFR_MIR7_PROP</TABNAME>
     <FIELDNAME>APROBACION_ESTADO</FIELDNAME>
     <DDLANGUAGE>S</DDLANGUAGE>
     <POSITION>0015</POSITION>
     <ADMINFIELD>0</ADMINFIELD>
     <INTTYPE>g</INTTYPE>
     <INTLEN>000008</INTLEN>
     <DATATYPE>STRG</DATATYPE>
     <MASK>  STRG</MASK>
    </DD03P>
    <DD03P>
     <TABNAME>ZST_GETWFR_MIR7_PROP</TABNAME>
     <FIELDNAME>RADIAN_ACEPTACION</FIELDNAME>
     <DDLANGUAGE>S</DDLANGUAGE>
     <POSITION>0016</POSITION>
     <ADMINFIELD>0</ADMINFIELD>
     <INTTYPE>g</INTTYPE>
     <INTLEN>000008</INTLEN>
     <DATATYPE>STRG</DATATYPE>
     <MASK>  STRG</MASK>
    </DD03P>
    <DD03P>
     <TABNAME>ZST_GETWFR_MIR7_PROP</TABNAME>
     <FIELDNAME>RADIAN_ACUSE_FECHA</FIELDNAME>
     <DDLANGUAGE>S</DDLANGUAGE>
     <POSITION>0017</POSITION>
     <ADMINFIELD>0</ADMINFIELD>
     <INTTYPE>g</INTTYPE>
     <INTLEN>000008</INTLEN>
     <DATATYPE>STRG</DATATYPE>
     <MASK>  STRG</MASK>
    </DD03P>
    <DD03P>
     <TABNAME>ZST_GETWFR_MIR7_PROP</TABNAME>
     <FIELDNAME>APROBACION_SEMAFORO</FIELDNAME>
     <DDLANGUAGE>S</DDLANGUAGE>
     <POSITION>0018</POSITION>
     <ADMINFIELD>0</ADMINFIELD>
     <INTTYPE>g</INTTYPE>
     <INTLEN>000008</INTLEN>
     <DATATYPE>STRG</DATATYPE>
     <MASK>  STRG</MASK>
    </DD03P>
    <DD03P>
     <TABNAME>ZST_GETWFR_MIR7_PROP</TABNAME>
     <FIELDNAME>APROBACION_APROBARON</FIELDNAME>
     <DDLANGUAGE>S</DDLANGUAGE>
     <POSITION>0019</POSITION>
     <ADMINFIELD>0</ADMINFIELD>
     <INTTYPE>g</INTTYPE>
     <INTLEN>000008</INTLEN>
     <DATATYPE>STRG</DATATYPE>
     <MASK>  STRG</MASK>
    </DD03P>
    <DD03P>
     <TABNAME>ZST_GETWFR_MIR7_PROP</TABNAME>
     <FIELDNAME>CONTABILIZACION_TIPO</FIELDNAME>
     <DDLANGUAGE>S</DDLANGUAGE>
     <POSITION>0020</POSITION>
     <ADMINFIELD>0</ADMINFIELD>
     <INTTYPE>g</INTTYPE>
     <INTLEN>000008</INTLEN>
     <DATATYPE>STRG</DATATYPE>
     <MASK>  STRG</MASK>
    </DD03P>
    <DD03P>
     <TABNAME>ZST_GETWFR_MIR7_PROP</TABNAME>
     <FIELDNAME>APROBACION_PENDIENTES</FIELDNAME>
     <DDLANGUAGE>S</DDLANGUAGE>
     <POSITION>0021</POSITION>
     <ADMINFIELD>0</ADMINFIELD>
     <INTTYPE>g</INTTYPE>
     <INTLEN>000008</INTLEN>
     <DATATYPE>STRG</DATATYPE>
     <MASK>  STRG</MASK>
    </DD03P>
    <DD03P>
     <TABNAME>ZST_GETWFR_MIR7_PROP</TABNAME>
     <FIELDNAME>APROBACION_RECHAZARON</FIELDNAME>
     <DDLANGUAGE>S</DDLANGUAGE>
     <POSITION>0022</POSITION>
     <ADMINFIELD>0</ADMINFIELD>
     <INTTYPE>g</INTTYPE>
     <INTLEN>000008</INTLEN>
     <DATATYPE>STRG</DATATYPE>
     <MASK>  STRG</MASK>
    </DD03P>
    <DD03P>
     <TABNAME>ZST_GETWFR_MIR7_PROP</TABNAME>
     <FIELDNAME>CONTABILIZACION_CODIGO</FIELDNAME>
     <DDLANGUAGE>S</DDLANGUAGE>
     <POSITION>0023</POSITION>
     <ADMINFIELD>0</ADMINFIELD>
     <INTTYPE>g</INTTYPE>
     <INTLEN>000008</INTLEN>
     <DATATYPE>STRG</DATATYPE>
     <MASK>  STRG</MASK>
    </DD03P>
    <DD03P>
     <TABNAME>ZST_GETWFR_MIR7_PROP</TABNAME>
     <FIELDNAME>CONTABILIZACION_ESTADO</FIELDNAME>
     <DDLANGUAGE>S</DDLANGUAGE>
     <POSITION>0024</POSITION>
     <ADMINFIELD>0</ADMINFIELD>
     <INTTYPE>g</INTTYPE>
     <INTLEN>000008</INTLEN>
     <DATATYPE>STRG</DATATYPE>
     <MASK>  STRG</MASK>
    </DD03P>
    <DD03P>
     <TABNAME>ZST_GETWFR_MIR7_PROP</TABNAME>
     <FIELDNAME>RADIAN_RECEPCION_FECHA</FIELDNAME>
     <DDLANGUAGE>S</DDLANGUAGE>
     <POSITION>0025</POSITION>
     <ADMINFIELD>0</ADMINFIELD>
     <INTTYPE>g</INTTYPE>
     <INTLEN>000008</INTLEN>
     <DATATYPE>STRG</DATATYPE>
     <MASK>  STRG</MASK>
    </DD03P>
    <DD03P>
     <TABNAME>ZST_GETWFR_MIR7_PROP</TABNAME>
     <FIELDNAME>RADIAN_ACEPTACION_FECHA</FIELDNAME>
     <DDLANGUAGE>S</DDLANGUAGE>
     <POSITION>0026</POSITION>
     <ADMINFIELD>0</ADMINFIELD>
     <INTTYPE>g</INTTYPE>
     <INTLEN>000008</INTLEN>
     <DATATYPE>STRG</DATATYPE>
     <MASK>  STRG</MASK>
    </DD03P>
    <DD03P>
     <TABNAME>ZST_GETWFR_MIR7_PROP</TABNAME>
     <FIELDNAME>CONTABILIZACION_DISTRIBUCION</FIELDNAME>
     <DDLANGUAGE>S</DDLANGUAGE>
     <POSITION>0027</POSITION>
     <ADMINFIELD>0</ADMINFIELD>
     <INTTYPE>g</INTTYPE>
     <INTLEN>000008</INTLEN>
     <DATATYPE>STRG</DATATYPE>
     <MASK>  STRG</MASK>
    </DD03P>
   </DD03P_TABLE>
  </asx:values>
 </asx:abap>
</abapGit>
