﻿<?xml version="1.0" encoding="utf-8"?>
<abapGit version="v1.0.0" serializer="LCL_OBJECT_TABL" serializer_version="v1.0.0">
 <asx:abap xmlns:asx="http://www.sap.com/abapxml" version="1.0">
  <asx:values>
   <DD02V>
    <TABNAME>ZST_GETWFR_MIR7_PO</TABNAME>
    <DDLANGUAGE>S</DDLANGUAGE>
    <TABCLASS>INTTAB</TABCLASS>
    <DDTEXT>ZST_GETWFR_MIR7_PO</DDTEXT>
    <EXCLASS>4</EXCLASS>
   </DD02V>
   <DD03P_TABLE>
    <DD03P>
     <TABNAME>ZST_GETWFR_MIR7_PO</TABNAME>
     <FIELDNAME>IDSOLICITANTE</FIELDNAME>
     <DDLANGUAGE>S</DDLANGUAGE>
     <POSITION>0001</POSITION>
     <ADMINFIELD>0</ADMINFIELD>
     <INTTYPE>g</INTTYPE>
     <INTLEN>000008</INTLEN>
     <DATATYPE>STRG</DATATYPE>
     <MASK>  STRG</MASK>
    </DD03P>
    <DD03P>
     <TABNAME>ZST_GETWFR_MIR7_PO</TABNAME>
     <FIELDNAME>TIPOOC</FIELDNAME>
     <DDLANGUAGE>S</DDLANGUAGE>
     <POSITION>0002</POSITION>
     <ADMINFIELD>0</ADMINFIELD>
     <INTTYPE>g</INTTYPE>
     <INTLEN>000008</INTLEN>
     <DATATYPE>STRG</DATATYPE>
     <MASK>  STRG</MASK>
    </DD03P>
    <DD03P>
     <TABNAME>ZST_GETWFR_MIR7_PO</TABNAME>
     <FIELDNAME>OC_FECHA</FIELDNAME>
     <DDLANGUAGE>S</DDLANGUAGE>
     <POSITION>0003</POSITION>
     <ADMINFIELD>0</ADMINFIELD>
     <INTTYPE>g</INTTYPE>
     <INTLEN>000008</INTLEN>
     <DATATYPE>STRG</DATATYPE>
     <MASK>  STRG</MASK>
    </DD03P>
    <DD03P>
     <TABNAME>ZST_GETWFR_MIR7_PO</TABNAME>
     <FIELDNAME>OC_ID</FIELDNAME>
     <DDLANGUAGE>S</DDLANGUAGE>
     <POSITION>0004</POSITION>
     <ADMINFIELD>0</ADMINFIELD>
     <INTTYPE>g</INTTYPE>
     <INTLEN>000008</INTLEN>
     <DATATYPE>STRG</DATATYPE>
     <MASK>  STRG</MASK>
    </DD03P>
    <DD03P>
     <TABNAME>ZST_GETWFR_MIR7_PO</TABNAME>
     <FIELDNAME>OC_MONTOTOTAL</FIELDNAME>
     <DDLANGUAGE>S</DDLANGUAGE>
     <POSITION>0005</POSITION>
     <ADMINFIELD>0</ADMINFIELD>
     <INTTYPE>g</INTTYPE>
     <INTLEN>000008</INTLEN>
     <DATATYPE>STRG</DATATYPE>
     <MASK>  STRG</MASK>
    </DD03P>
    <DD03P>
     <TABNAME>ZST_GETWFR_MIR7_PO</TABNAME>
     <FIELDNAME>OC_OC</FIELDNAME>
     <DDLANGUAGE>S</DDLANGUAGE>
     <POSITION>0006</POSITION>
     <ADMINFIELD>0</ADMINFIELD>
     <INTTYPE>g</INTTYPE>
     <INTLEN>000008</INTLEN>
     <DATATYPE>STRG</DATATYPE>
     <MASK>  STRG</MASK>
    </DD03P>
    <DD03P>
     <TABNAME>ZST_GETWFR_MIR7_PO</TABNAME>
     <FIELDNAME>OC_RECEPTOR_FISCALID</FIELDNAME>
     <DDLANGUAGE>S</DDLANGUAGE>
     <POSITION>0007</POSITION>
     <ADMINFIELD>0</ADMINFIELD>
     <INTTYPE>g</INTTYPE>
     <INTLEN>000008</INTLEN>
     <DATATYPE>STRG</DATATYPE>
     <MASK>  STRG</MASK>
    </DD03P>
    <DD03P>
     <TABNAME>ZST_GETWFR_MIR7_PO</TABNAME>
     <FIELDNAME>OC_RECEPTOR_FISCALID_TIPO</FIELDNAME>
     <DDLANGUAGE>S</DDLANGUAGE>
     <POSITION>0008</POSITION>
     <ADMINFIELD>0</ADMINFIELD>
     <INTTYPE>g</INTTYPE>
     <INTLEN>000008</INTLEN>
     <DATATYPE>STRG</DATATYPE>
     <MASK>  STRG</MASK>
    </DD03P>
    <DD03P>
     <TABNAME>ZST_GETWFR_MIR7_PO</TABNAME>
     <FIELDNAME>DETALLE</FIELDNAME>
     <POSITION>0009</POSITION>
     <ROLLNAME>ZTT_GETWFR_MIR7_DET</ROLLNAME>
     <ADMINFIELD>0</ADMINFIELD>
     <DATATYPE>TTYP</DATATYPE>
     <MASK>  TTYPL</MASK>
     <COMPTYPE>L</COMPTYPE>
    </DD03P>
   </DD03P_TABLE>
  </asx:values>
 </asx:abap>
</abapGit>
