﻿<?xml version="1.0" encoding="utf-8"?>
<abapGit version="v1.0.0" serializer="LCL_OBJECT_TABL" serializer_version="v1.0.0">
 <asx:abap xmlns:asx="http://www.sap.com/abapxml" version="1.0">
  <asx:values>
   <DD02V>
    <TABNAME>ZST_GETWFR_TVARVC_R</TABNAME>
    <DDLANGUAGE>S</DDLANGUAGE>
    <TABCLASS>INTTAB</TABCLASS>
    <DDTEXT>ZST_GETWFR_TVARVC_R</DDTEXT>
    <EXCLASS>4</EXCLASS>
   </DD02V>
   <DD03P_TABLE>
    <DD03P>
     <TABNAME>ZST_GETWFR_TVARVC_R</TABNAME>
     <FIELDNAME>SIGN</FIELDNAME>
     <POSITION>0001</POSITION>
     <ROLLNAME>TVARV_SIGN</ROLLNAME>
     <ADMINFIELD>0</ADMINFIELD>
     <COMPTYPE>E</COMPTYPE>
    </DD03P>
    <DD03P>
     <TABNAME>ZST_GETWFR_TVARVC_R</TABNAME>
     <FIELDNAME>OPTI</FIELDNAME>
     <POSITION>0002</POSITION>
     <ROLLNAME>TVARV_OPTI</ROLLNAME>
     <ADMINFIELD>0</ADMINFIELD>
     <COMPTYPE>E</COMPTYPE>
    </DD03P>
    <DD03P>
     <TABNAME>ZST_GETWFR_TVARVC_R</TABNAME>
     <FIELDNAME>LOW</FIELDNAME>
     <POSITION>0003</POSITION>
     <ROLLNAME>TVARV_VAL</ROLLNAME>
     <ADMINFIELD>0</ADMINFIELD>
     <COMPTYPE>E</COMPTYPE>
    </DD03P>
    <DD03P>
     <TABNAME>ZST_GETWFR_TVARVC_R</TABNAME>
     <FIELDNAME>HIGH</FIELDNAME>
     <POSITION>0004</POSITION>
     <ROLLNAME>TVARV_VAL</ROLLNAME>
     <ADMINFIELD>0</ADMINFIELD>
     <COMPTYPE>E</COMPTYPE>
    </DD03P>
   </DD03P_TABLE>
  </asx:values>
 </asx:abap>
</abapGit>
