﻿<?xml version="1.0" encoding="utf-8"?>
<abapGit version="v1.0.0" serializer="LCL_OBJECT_TABL" serializer_version="v1.0.0">
 <asx:abap xmlns:asx="http://www.sap.com/abapxml" version="1.0">
  <asx:values>
   <DD02V>
    <TABNAME>ZST_GETWFR_PO_XML</TABNAME>
    <DDLANGUAGE>S</DDLANGUAGE>
    <TABCLASS>INTTAB</TABCLASS>
    <DDTEXT>ZST_GETWFR_PO_XML</DDTEXT>
    <EXCLASS>4</EXCLASS>
   </DD02V>
   <DD03P_TABLE>
    <DD03P>
     <TABNAME>ZST_GETWFR_PO_XML</TABNAME>
     <FIELDNAME>EBELN</FIELDNAME>
     <DDLANGUAGE>S</DDLANGUAGE>
     <POSITION>0001</POSITION>
     <ADMINFIELD>0</ADMINFIELD>
     <INTTYPE>g</INTTYPE>
     <INTLEN>000008</INTLEN>
     <DATATYPE>STRG</DATATYPE>
     <MASK>  STRG</MASK>
     <DDTEXT>PO ID</DDTEXT>
    </DD03P>
    <DD03P>
     <TABNAME>ZST_GETWFR_PO_XML</TABNAME>
     <FIELDNAME>STCD1</FIELDNAME>
     <DDLANGUAGE>S</DDLANGUAGE>
     <POSITION>0002</POSITION>
     <ADMINFIELD>0</ADMINFIELD>
     <INTTYPE>g</INTTYPE>
     <INTLEN>000008</INTLEN>
     <DATATYPE>STRG</DATATYPE>
     <MASK>  STRG</MASK>
     <DDTEXT>PO Fiscal ID</DDTEXT>
    </DD03P>
    <DD03P>
     <TABNAME>ZST_GETWFR_PO_XML</TABNAME>
     <FIELDNAME>NAME1</FIELDNAME>
     <DDLANGUAGE>S</DDLANGUAGE>
     <POSITION>0003</POSITION>
     <ADMINFIELD>0</ADMINFIELD>
     <INTTYPE>g</INTTYPE>
     <INTLEN>000008</INTLEN>
     <DATATYPE>STRG</DATATYPE>
     <MASK>  STRG</MASK>
     <DDTEXT>PO Name1</DDTEXT>
    </DD03P>
    <DD03P>
     <TABNAME>ZST_GETWFR_PO_XML</TABNAME>
     <FIELDNAME>EBELN2</FIELDNAME>
     <DDLANGUAGE>S</DDLANGUAGE>
     <POSITION>0004</POSITION>
     <ADMINFIELD>0</ADMINFIELD>
     <INTTYPE>g</INTTYPE>
     <INTLEN>000008</INTLEN>
     <DATATYPE>STRG</DATATYPE>
     <MASK>  STRG</MASK>
     <DDTEXT>OC OC</DDTEXT>
    </DD03P>
    <DD03P>
     <TABNAME>ZST_GETWFR_PO_XML</TABNAME>
     <FIELDNAME>BEDAT</FIELDNAME>
     <DDLANGUAGE>S</DDLANGUAGE>
     <POSITION>0005</POSITION>
     <ADMINFIELD>0</ADMINFIELD>
     <INTTYPE>g</INTTYPE>
     <INTLEN>000008</INTLEN>
     <DATATYPE>STRG</DATATYPE>
     <MASK>  STRG</MASK>
     <DDTEXT>PO Creation Date</DDTEXT>
    </DD03P>
    <DD03P>
     <TABNAME>ZST_GETWFR_PO_XML</TABNAME>
     <FIELDNAME>EFFWR</FIELDNAME>
     <DDLANGUAGE>S</DDLANGUAGE>
     <POSITION>0006</POSITION>
     <ADMINFIELD>0</ADMINFIELD>
     <INTTYPE>g</INTTYPE>
     <INTLEN>000008</INTLEN>
     <DATATYPE>STRG</DATATYPE>
     <MASK>  STRG</MASK>
     <DDTEXT>PO Total Value</DDTEXT>
    </DD03P>
    <DD03P>
     <TABNAME>ZST_GETWFR_PO_XML</TABNAME>
     <FIELDNAME>ERNAM</FIELDNAME>
     <DDLANGUAGE>S</DDLANGUAGE>
     <POSITION>0007</POSITION>
     <ADMINFIELD>0</ADMINFIELD>
     <INTTYPE>g</INTTYPE>
     <INTLEN>000008</INTLEN>
     <DATATYPE>STRG</DATATYPE>
     <MASK>  STRG</MASK>
     <DDTEXT>PO Petitioner</DDTEXT>
    </DD03P>
    <DD03P>
     <TABNAME>ZST_GETWFR_PO_XML</TABNAME>
     <FIELDNAME>BSART</FIELDNAME>
     <DDLANGUAGE>S</DDLANGUAGE>
     <POSITION>0008</POSITION>
     <ADMINFIELD>0</ADMINFIELD>
     <INTTYPE>g</INTTYPE>
     <INTLEN>000008</INTLEN>
     <DATATYPE>STRG</DATATYPE>
     <MASK>  STRG</MASK>
     <DDTEXT>PO Type</DDTEXT>
    </DD03P>
    <DD03P>
     <TABNAME>ZST_GETWFR_PO_XML</TABNAME>
     <FIELDNAME>PO_DET</FIELDNAME>
     <POSITION>0009</POSITION>
     <ROLLNAME>ZTT_GETWFR_PO_DET</ROLLNAME>
     <ADMINFIELD>0</ADMINFIELD>
     <DATATYPE>TTYP</DATATYPE>
     <MASK>  TTYPL</MASK>
     <COMPTYPE>L</COMPTYPE>
    </DD03P>
   </DD03P_TABLE>
  </asx:values>
 </asx:abap>
</abapGit>
