﻿<?xml version="1.0" encoding="utf-8"?>
<abapGit version="v1.0.0" serializer="LCL_OBJECT_TABL" serializer_version="v1.0.0">
 <asx:abap xmlns:asx="http://www.sap.com/abapxml" version="1.0">
  <asx:values>
   <DD02V>
    <TABNAME>ZST_GETWFR_GOODS_XML</TABNAME>
    <DDLANGUAGE>S</DDLANGUAGE>
    <TABCLASS>INTTAB</TABCLASS>
    <DDTEXT>ZST_GETWFR_GOODS_XML</DDTEXT>
    <EXCLASS>4</EXCLASS>
   </DD02V>
   <DD03P_TABLE>
    <DD03P>
     <TABNAME>ZST_GETWFR_GOODS_XML</TABNAME>
     <FIELDNAME>ID_LNR</FIELDNAME>
     <DDLANGUAGE>S</DDLANGUAGE>
     <POSITION>0001</POSITION>
     <ADMINFIELD>0</ADMINFIELD>
     <INTTYPE>g</INTTYPE>
     <INTLEN>000008</INTLEN>
     <DATATYPE>STRG</DATATYPE>
     <MASK>  STRG</MASK>
     <DDTEXT>GOODS ID</DDTEXT>
    </DD03P>
    <DD03P>
     <TABNAME>ZST_GETWFR_GOODS_XML</TABNAME>
     <FIELDNAME>STCD1</FIELDNAME>
     <DDLANGUAGE>S</DDLANGUAGE>
     <POSITION>0002</POSITION>
     <ADMINFIELD>0</ADMINFIELD>
     <INTTYPE>g</INTTYPE>
     <INTLEN>000008</INTLEN>
     <DATATYPE>STRG</DATATYPE>
     <MASK>  STRG</MASK>
     <DDTEXT>GOODS Fiscal ID</DDTEXT>
    </DD03P>
    <DD03P>
     <TABNAME>ZST_GETWFR_GOODS_XML</TABNAME>
     <FIELDNAME>NAME1</FIELDNAME>
     <DDLANGUAGE>S</DDLANGUAGE>
     <POSITION>0003</POSITION>
     <ADMINFIELD>0</ADMINFIELD>
     <INTTYPE>g</INTTYPE>
     <INTLEN>000008</INTLEN>
     <DATATYPE>STRG</DATATYPE>
     <MASK>  STRG</MASK>
     <DDTEXT>GOODS Name1</DDTEXT>
    </DD03P>
    <DD03P>
     <TABNAME>ZST_GETWFR_GOODS_XML</TABNAME>
     <FIELDNAME>ID_LNR2</FIELDNAME>
     <DDLANGUAGE>S</DDLANGUAGE>
     <POSITION>0004</POSITION>
     <ADMINFIELD>0</ADMINFIELD>
     <INTTYPE>g</INTTYPE>
     <INTLEN>000008</INTLEN>
     <DATATYPE>STRG</DATATYPE>
     <MASK>  STRG</MASK>
     <DDTEXT>GOODS Receptor</DDTEXT>
    </DD03P>
    <DD03P>
     <TABNAME>ZST_GETWFR_GOODS_XML</TABNAME>
     <FIELDNAME>BUDAT</FIELDNAME>
     <DDLANGUAGE>S</DDLANGUAGE>
     <POSITION>0005</POSITION>
     <ADMINFIELD>0</ADMINFIELD>
     <INTTYPE>g</INTTYPE>
     <INTLEN>000008</INTLEN>
     <DATATYPE>STRG</DATATYPE>
     <MASK>  STRG</MASK>
     <DDTEXT>GOODS Date</DDTEXT>
    </DD03P>
    <DD03P>
     <TABNAME>ZST_GETWFR_GOODS_XML</TABNAME>
     <FIELDNAME>EBELN</FIELDNAME>
     <DDLANGUAGE>S</DDLANGUAGE>
     <POSITION>0006</POSITION>
     <ADMINFIELD>0</ADMINFIELD>
     <INTTYPE>g</INTTYPE>
     <INTLEN>000008</INTLEN>
     <DATATYPE>STRG</DATATYPE>
     <MASK>  STRG</MASK>
     <DDTEXT>GOODS OC</DDTEXT>
    </DD03P>
    <DD03P>
     <TABNAME>ZST_GETWFR_GOODS_XML</TABNAME>
     <FIELDNAME>DMBTR</FIELDNAME>
     <DDLANGUAGE>S</DDLANGUAGE>
     <POSITION>0007</POSITION>
     <ADMINFIELD>0</ADMINFIELD>
     <INTTYPE>g</INTTYPE>
     <INTLEN>000008</INTLEN>
     <DATATYPE>STRG</DATATYPE>
     <MASK>  STRG</MASK>
     <DDTEXT>GOODS Total Value</DDTEXT>
    </DD03P>
    <DD03P>
     <TABNAME>ZST_GETWFR_GOODS_XML</TABNAME>
     <FIELDNAME>GOODS_DET</FIELDNAME>
     <POSITION>0008</POSITION>
     <ROLLNAME>ZTT_GETWFR_GOODS_DET</ROLLNAME>
     <ADMINFIELD>0</ADMINFIELD>
     <DATATYPE>TTYP</DATATYPE>
     <MASK>  TTYPL</MASK>
     <COMPTYPE>L</COMPTYPE>
    </DD03P>
   </DD03P_TABLE>
  </asx:values>
 </asx:abap>
</abapGit>
