﻿<?xml version="1.0" encoding="utf-8"?>
<abapGit version="v1.0.0" serializer="LCL_OBJECT_TABL" serializer_version="v1.0.0">
 <asx:abap xmlns:asx="http://www.sap.com/abapxml" version="1.0">
  <asx:values>
   <DD02V>
    <TABNAME>ZST_GETWFR_MIR7_XML</TABNAME>
    <DDLANGUAGE>S</DDLANGUAGE>
    <TABCLASS>INTTAB</TABCLASS>
    <DDTEXT>ZST_GETWFR_MIR7_XML</DDTEXT>
    <EXCLASS>4</EXCLASS>
   </DD02V>
   <DD03P_TABLE>
    <DD03P>
     <TABNAME>ZST_GETWFR_MIR7_XML</TABNAME>
     <FIELDNAME>DOC_TIPO</FIELDNAME>
     <DDLANGUAGE>S</DDLANGUAGE>
     <POSITION>0001</POSITION>
     <ADMINFIELD>0</ADMINFIELD>
     <INTTYPE>g</INTTYPE>
     <INTLEN>000008</INTLEN>
     <DATATYPE>STRG</DATATYPE>
     <MASK>  STRG</MASK>
     <DDTEXT>doc tipo</DDTEXT>
    </DD03P>
    <DD03P>
     <TABNAME>ZST_GETWFR_MIR7_XML</TABNAME>
     <FIELDNAME>DOC_SUBTIPO</FIELDNAME>
     <DDLANGUAGE>S</DDLANGUAGE>
     <POSITION>0002</POSITION>
     <ADMINFIELD>0</ADMINFIELD>
     <INTTYPE>g</INTTYPE>
     <INTLEN>000008</INTLEN>
     <DATATYPE>STRG</DATATYPE>
     <MASK>  STRG</MASK>
    </DD03P>
    <DD03P>
     <TABNAME>ZST_GETWFR_MIR7_XML</TABNAME>
     <FIELDNAME>DOC_FECHA_EMISION</FIELDNAME>
     <DDLANGUAGE>S</DDLANGUAGE>
     <POSITION>0003</POSITION>
     <ADMINFIELD>0</ADMINFIELD>
     <INTTYPE>g</INTTYPE>
     <INTLEN>000008</INTLEN>
     <DATATYPE>STRG</DATATYPE>
     <MASK>  STRG</MASK>
    </DD03P>
    <DD03P>
     <TABNAME>ZST_GETWFR_MIR7_XML</TABNAME>
     <FIELDNAME>DOC_FECHA_VENC</FIELDNAME>
     <DDLANGUAGE>S</DDLANGUAGE>
     <POSITION>0004</POSITION>
     <ADMINFIELD>0</ADMINFIELD>
     <INTTYPE>g</INTTYPE>
     <INTLEN>000008</INTLEN>
     <DATATYPE>STRG</DATATYPE>
     <MASK>  STRG</MASK>
    </DD03P>
    <DD03P>
     <TABNAME>ZST_GETWFR_MIR7_XML</TABNAME>
     <FIELDNAME>DOC_EMISOR_FISCALID</FIELDNAME>
     <DDLANGUAGE>S</DDLANGUAGE>
     <POSITION>0005</POSITION>
     <ADMINFIELD>0</ADMINFIELD>
     <INTTYPE>g</INTTYPE>
     <INTLEN>000008</INTLEN>
     <DATATYPE>STRG</DATATYPE>
     <MASK>  STRG</MASK>
    </DD03P>
    <DD03P>
     <TABNAME>ZST_GETWFR_MIR7_XML</TABNAME>
     <FIELDNAME>DOC_EMISOR_FISCALID_TIPO</FIELDNAME>
     <DDLANGUAGE>S</DDLANGUAGE>
     <POSITION>0006</POSITION>
     <ADMINFIELD>0</ADMINFIELD>
     <INTTYPE>g</INTTYPE>
     <INTLEN>000008</INTLEN>
     <DATATYPE>STRG</DATATYPE>
     <MASK>  STRG</MASK>
    </DD03P>
    <DD03P>
     <TABNAME>ZST_GETWFR_MIR7_XML</TABNAME>
     <FIELDNAME>DOC_EMISOR_RAZONSOCIAL</FIELDNAME>
     <DDLANGUAGE>S</DDLANGUAGE>
     <POSITION>0007</POSITION>
     <ADMINFIELD>0</ADMINFIELD>
     <INTTYPE>g</INTTYPE>
     <INTLEN>000008</INTLEN>
     <DATATYPE>STRG</DATATYPE>
     <MASK>  STRG</MASK>
    </DD03P>
    <DD03P>
     <TABNAME>ZST_GETWFR_MIR7_XML</TABNAME>
     <FIELDNAME>DOC_EMISOR_GIRO</FIELDNAME>
     <DDLANGUAGE>S</DDLANGUAGE>
     <POSITION>0008</POSITION>
     <ADMINFIELD>0</ADMINFIELD>
     <INTTYPE>g</INTTYPE>
     <INTLEN>000008</INTLEN>
     <DATATYPE>STRG</DATATYPE>
     <MASK>  STRG</MASK>
    </DD03P>
    <DD03P>
     <TABNAME>ZST_GETWFR_MIR7_XML</TABNAME>
     <FIELDNAME>DOC_EMISOR_DIRECCION1</FIELDNAME>
     <DDLANGUAGE>S</DDLANGUAGE>
     <POSITION>0009</POSITION>
     <ADMINFIELD>0</ADMINFIELD>
     <INTTYPE>g</INTTYPE>
     <INTLEN>000008</INTLEN>
     <DATATYPE>STRG</DATATYPE>
     <MASK>  STRG</MASK>
    </DD03P>
    <DD03P>
     <TABNAME>ZST_GETWFR_MIR7_XML</TABNAME>
     <FIELDNAME>DOC_EMISOR_DIRECCION2</FIELDNAME>
     <DDLANGUAGE>S</DDLANGUAGE>
     <POSITION>0010</POSITION>
     <ADMINFIELD>0</ADMINFIELD>
     <INTTYPE>g</INTTYPE>
     <INTLEN>000008</INTLEN>
     <DATATYPE>STRG</DATATYPE>
     <MASK>  STRG</MASK>
    </DD03P>
    <DD03P>
     <TABNAME>ZST_GETWFR_MIR7_XML</TABNAME>
     <FIELDNAME>DOC_EMISOR_DIRECCION3</FIELDNAME>
     <DDLANGUAGE>S</DDLANGUAGE>
     <POSITION>0011</POSITION>
     <ADMINFIELD>0</ADMINFIELD>
     <INTTYPE>g</INTTYPE>
     <INTLEN>000008</INTLEN>
     <DATATYPE>STRG</DATATYPE>
     <MASK>  STRG</MASK>
    </DD03P>
    <DD03P>
     <TABNAME>ZST_GETWFR_MIR7_XML</TABNAME>
     <FIELDNAME>DOC_EMISOR_DIRECCION4</FIELDNAME>
     <DDLANGUAGE>S</DDLANGUAGE>
     <POSITION>0012</POSITION>
     <ADMINFIELD>0</ADMINFIELD>
     <INTTYPE>g</INTTYPE>
     <INTLEN>000008</INTLEN>
     <DATATYPE>STRG</DATATYPE>
     <MASK>  STRG</MASK>
    </DD03P>
    <DD03P>
     <TABNAME>ZST_GETWFR_MIR7_XML</TABNAME>
     <FIELDNAME>DOC_FOLIO</FIELDNAME>
     <DDLANGUAGE>S</DDLANGUAGE>
     <POSITION>0013</POSITION>
     <ADMINFIELD>0</ADMINFIELD>
     <INTTYPE>g</INTTYPE>
     <INTLEN>000008</INTLEN>
     <DATATYPE>STRG</DATATYPE>
     <MASK>  STRG</MASK>
    </DD03P>
    <DD03P>
     <TABNAME>ZST_GETWFR_MIR7_XML</TABNAME>
     <FIELDNAME>DOC_FOLIO_SERIE</FIELDNAME>
     <DDLANGUAGE>S</DDLANGUAGE>
     <POSITION>0014</POSITION>
     <ADMINFIELD>0</ADMINFIELD>
     <INTTYPE>g</INTTYPE>
     <INTLEN>000008</INTLEN>
     <DATATYPE>STRG</DATATYPE>
     <MASK>  STRG</MASK>
    </DD03P>
    <DD03P>
     <TABNAME>ZST_GETWFR_MIR7_XML</TABNAME>
     <FIELDNAME>DOC_FOLIO_NUMERO</FIELDNAME>
     <DDLANGUAGE>S</DDLANGUAGE>
     <POSITION>0015</POSITION>
     <ADMINFIELD>0</ADMINFIELD>
     <INTTYPE>g</INTTYPE>
     <INTLEN>000008</INTLEN>
     <DATATYPE>STRG</DATATYPE>
     <MASK>  STRG</MASK>
    </DD03P>
    <DD03P>
     <TABNAME>ZST_GETWFR_MIR7_XML</TABNAME>
     <FIELDNAME>DOC_RECEPTOR_FISCALID</FIELDNAME>
     <DDLANGUAGE>S</DDLANGUAGE>
     <POSITION>0016</POSITION>
     <ADMINFIELD>0</ADMINFIELD>
     <INTTYPE>g</INTTYPE>
     <INTLEN>000008</INTLEN>
     <DATATYPE>STRG</DATATYPE>
     <MASK>  STRG</MASK>
    </DD03P>
    <DD03P>
     <TABNAME>ZST_GETWFR_MIR7_XML</TABNAME>
     <FIELDNAME>DOC_RECEPTOR_FISCALID_TIPO</FIELDNAME>
     <DDLANGUAGE>S</DDLANGUAGE>
     <POSITION>0017</POSITION>
     <ADMINFIELD>0</ADMINFIELD>
     <INTTYPE>g</INTTYPE>
     <INTLEN>000008</INTLEN>
     <DATATYPE>STRG</DATATYPE>
     <MASK>  STRG</MASK>
    </DD03P>
    <DD03P>
     <TABNAME>ZST_GETWFR_MIR7_XML</TABNAME>
     <FIELDNAME>DOC_RECEPTOR_RAZONSOCIAL</FIELDNAME>
     <DDLANGUAGE>S</DDLANGUAGE>
     <POSITION>0018</POSITION>
     <ADMINFIELD>0</ADMINFIELD>
     <INTTYPE>g</INTTYPE>
     <INTLEN>000008</INTLEN>
     <DATATYPE>STRG</DATATYPE>
     <MASK>  STRG</MASK>
    </DD03P>
    <DD03P>
     <TABNAME>ZST_GETWFR_MIR7_XML</TABNAME>
     <FIELDNAME>DOC_RECEPTOR_GIRO</FIELDNAME>
     <DDLANGUAGE>S</DDLANGUAGE>
     <POSITION>0019</POSITION>
     <ADMINFIELD>0</ADMINFIELD>
     <INTTYPE>g</INTTYPE>
     <INTLEN>000008</INTLEN>
     <DATATYPE>STRG</DATATYPE>
     <MASK>  STRG</MASK>
    </DD03P>
    <DD03P>
     <TABNAME>ZST_GETWFR_MIR7_XML</TABNAME>
     <FIELDNAME>DOC_RECEPTOR_DIRECCION1</FIELDNAME>
     <DDLANGUAGE>S</DDLANGUAGE>
     <POSITION>0020</POSITION>
     <ADMINFIELD>0</ADMINFIELD>
     <INTTYPE>g</INTTYPE>
     <INTLEN>000008</INTLEN>
     <DATATYPE>STRG</DATATYPE>
     <MASK>  STRG</MASK>
    </DD03P>
    <DD03P>
     <TABNAME>ZST_GETWFR_MIR7_XML</TABNAME>
     <FIELDNAME>DOC_RECEPTOR_DIRECCION2</FIELDNAME>
     <DDLANGUAGE>S</DDLANGUAGE>
     <POSITION>0021</POSITION>
     <ADMINFIELD>0</ADMINFIELD>
     <INTTYPE>g</INTTYPE>
     <INTLEN>000008</INTLEN>
     <DATATYPE>STRG</DATATYPE>
     <MASK>  STRG</MASK>
    </DD03P>
    <DD03P>
     <TABNAME>ZST_GETWFR_MIR7_XML</TABNAME>
     <FIELDNAME>DOC_RECEPTOR_DIRECCION3</FIELDNAME>
     <DDLANGUAGE>S</DDLANGUAGE>
     <POSITION>0022</POSITION>
     <ADMINFIELD>0</ADMINFIELD>
     <INTTYPE>g</INTTYPE>
     <INTLEN>000008</INTLEN>
     <DATATYPE>STRG</DATATYPE>
     <MASK>  STRG</MASK>
    </DD03P>
    <DD03P>
     <TABNAME>ZST_GETWFR_MIR7_XML</TABNAME>
     <FIELDNAME>DOC_RECEPTOR_DIRECCION4</FIELDNAME>
     <DDLANGUAGE>S</DDLANGUAGE>
     <POSITION>0023</POSITION>
     <ADMINFIELD>0</ADMINFIELD>
     <INTTYPE>g</INTTYPE>
     <INTLEN>000008</INTLEN>
     <DATATYPE>STRG</DATATYPE>
     <MASK>  STRG</MASK>
    </DD03P>
    <DD03P>
     <TABNAME>ZST_GETWFR_MIR7_XML</TABNAME>
     <FIELDNAME>DOC_MONTO_AFECTO</FIELDNAME>
     <DDLANGUAGE>S</DDLANGUAGE>
     <POSITION>0024</POSITION>
     <ADMINFIELD>0</ADMINFIELD>
     <INTTYPE>g</INTTYPE>
     <INTLEN>000008</INTLEN>
     <DATATYPE>STRG</DATATYPE>
     <MASK>  STRG</MASK>
    </DD03P>
    <DD03P>
     <TABNAME>ZST_GETWFR_MIR7_XML</TABNAME>
     <FIELDNAME>DOC_MONTO_NETO</FIELDNAME>
     <DDLANGUAGE>S</DDLANGUAGE>
     <POSITION>0025</POSITION>
     <ADMINFIELD>0</ADMINFIELD>
     <INTTYPE>g</INTTYPE>
     <INTLEN>000008</INTLEN>
     <DATATYPE>STRG</DATATYPE>
     <MASK>  STRG</MASK>
    </DD03P>
    <DD03P>
     <TABNAME>ZST_GETWFR_MIR7_XML</TABNAME>
     <FIELDNAME>DOC_MONTO_EXENTO</FIELDNAME>
     <DDLANGUAGE>S</DDLANGUAGE>
     <POSITION>0026</POSITION>
     <ADMINFIELD>0</ADMINFIELD>
     <INTTYPE>g</INTTYPE>
     <INTLEN>000008</INTLEN>
     <DATATYPE>STRG</DATATYPE>
     <MASK>  STRG</MASK>
    </DD03P>
    <DD03P>
     <TABNAME>ZST_GETWFR_MIR7_XML</TABNAME>
     <FIELDNAME>DOC_MONTO_IVA</FIELDNAME>
     <DDLANGUAGE>S</DDLANGUAGE>
     <POSITION>0027</POSITION>
     <ADMINFIELD>0</ADMINFIELD>
     <INTTYPE>g</INTTYPE>
     <INTLEN>000008</INTLEN>
     <DATATYPE>STRG</DATATYPE>
     <MASK>  STRG</MASK>
    </DD03P>
    <DD03P>
     <TABNAME>ZST_GETWFR_MIR7_XML</TABNAME>
     <FIELDNAME>DOC_MONTO_IMPUESTOS</FIELDNAME>
     <DDLANGUAGE>S</DDLANGUAGE>
     <POSITION>0028</POSITION>
     <ADMINFIELD>0</ADMINFIELD>
     <INTTYPE>g</INTTYPE>
     <INTLEN>000008</INTLEN>
     <DATATYPE>STRG</DATATYPE>
     <MASK>  STRG</MASK>
    </DD03P>
    <DD03P>
     <TABNAME>ZST_GETWFR_MIR7_XML</TABNAME>
     <FIELDNAME>DOC_MONTO_TOTAL</FIELDNAME>
     <DDLANGUAGE>S</DDLANGUAGE>
     <POSITION>0029</POSITION>
     <ADMINFIELD>0</ADMINFIELD>
     <INTTYPE>g</INTTYPE>
     <INTLEN>000008</INTLEN>
     <DATATYPE>STRG</DATATYPE>
     <MASK>  STRG</MASK>
    </DD03P>
    <DD03P>
     <TABNAME>ZST_GETWFR_MIR7_XML</TABNAME>
     <FIELDNAME>DOC_MONEDA</FIELDNAME>
     <DDLANGUAGE>S</DDLANGUAGE>
     <POSITION>0030</POSITION>
     <ADMINFIELD>0</ADMINFIELD>
     <INTTYPE>g</INTTYPE>
     <INTLEN>000008</INTLEN>
     <DATATYPE>STRG</DATATYPE>
     <MASK>  STRG</MASK>
    </DD03P>
    <DD03P>
     <TABNAME>ZST_GETWFR_MIR7_XML</TABNAME>
     <FIELDNAME>DOC_MONEDA_FACTORCAMBIO</FIELDNAME>
     <DDLANGUAGE>S</DDLANGUAGE>
     <POSITION>0031</POSITION>
     <ADMINFIELD>0</ADMINFIELD>
     <INTTYPE>g</INTTYPE>
     <INTLEN>000008</INTLEN>
     <DATATYPE>STRG</DATATYPE>
     <MASK>  STRG</MASK>
    </DD03P>
    <DD03P>
     <TABNAME>ZST_GETWFR_MIR7_XML</TABNAME>
     <FIELDNAME>DOC_FORMAPAGO</FIELDNAME>
     <DDLANGUAGE>S</DDLANGUAGE>
     <POSITION>0032</POSITION>
     <ADMINFIELD>0</ADMINFIELD>
     <INTTYPE>g</INTTYPE>
     <INTLEN>000008</INTLEN>
     <DATATYPE>STRG</DATATYPE>
     <MASK>  STRG</MASK>
    </DD03P>
    <DD03P>
     <TABNAME>ZST_GETWFR_MIR7_XML</TABNAME>
     <FIELDNAME>DOC_ARCHIVADO</FIELDNAME>
     <DDLANGUAGE>S</DDLANGUAGE>
     <POSITION>0033</POSITION>
     <ADMINFIELD>0</ADMINFIELD>
     <INTTYPE>g</INTTYPE>
     <INTLEN>000008</INTLEN>
     <DATATYPE>STRG</DATATYPE>
     <MASK>  STRG</MASK>
    </DD03P>
    <DD03P>
     <TABNAME>ZST_GETWFR_MIR7_XML</TABNAME>
     <FIELDNAME>DOC_PROPIEDADES</FIELDNAME>
     <POSITION>0034</POSITION>
     <ROLLNAME>ZTT_GETWFR_MIR7_PROP</ROLLNAME>
     <ADMINFIELD>0</ADMINFIELD>
     <DATATYPE>TTYP</DATATYPE>
     <MASK>  TTYPL</MASK>
     <COMPTYPE>L</COMPTYPE>
    </DD03P>
    <DD03P>
     <TABNAME>ZST_GETWFR_MIR7_XML</TABNAME>
     <FIELDNAME>DOC_PERSONALIZADOS</FIELDNAME>
     <POSITION>0035</POSITION>
     <ROLLNAME>ZTT_GETWFR_MIR7_DOC_PER</ROLLNAME>
     <ADMINFIELD>0</ADMINFIELD>
     <DATATYPE>TTYP</DATATYPE>
     <MASK>  TTYPL</MASK>
     <COMPTYPE>L</COMPTYPE>
    </DD03P>
    <DD03P>
     <TABNAME>ZST_GETWFR_MIR7_XML</TABNAME>
     <FIELDNAME>ORDEN_COMPRA</FIELDNAME>
     <POSITION>0036</POSITION>
     <ROLLNAME>ZTT_GETWFR_MIR7_PO</ROLLNAME>
     <ADMINFIELD>0</ADMINFIELD>
     <DATATYPE>TTYP</DATATYPE>
     <MASK>  TTYPL</MASK>
     <COMPTYPE>L</COMPTYPE>
    </DD03P>
    <DD03P>
     <TABNAME>ZST_GETWFR_MIR7_XML</TABNAME>
     <FIELDNAME>RECEPCION</FIELDNAME>
     <POSITION>0037</POSITION>
     <ROLLNAME>ZTT_GETWFR_MIR7_RECEP</ROLLNAME>
     <ADMINFIELD>0</ADMINFIELD>
     <DATATYPE>TTYP</DATATYPE>
     <MASK>  TTYPL</MASK>
     <COMPTYPE>L</COMPTYPE>
    </DD03P>
   </DD03P_TABLE>
  </asx:values>
 </asx:abap>
</abapGit>
