﻿<?xml version="1.0" encoding="utf-8"?>
<abapGit version="v1.0.0" serializer="LCL_OBJECT_TABL" serializer_version="v1.0.0">
 <asx:abap xmlns:asx="http://www.sap.com/abapxml" version="1.0">
  <asx:values>
   <DD02V>
    <TABNAME>ZST_GETWFR_GOODS_DET</TABNAME>
    <DDLANGUAGE>S</DDLANGUAGE>
    <TABCLASS>INTTAB</TABCLASS>
    <DDTEXT>ZST_GETWFR_GOODS_DET</DDTEXT>
    <EXCLASS>4</EXCLASS>
   </DD02V>
   <DD03P_TABLE>
    <DD03P>
     <TABNAME>ZST_GETWFR_GOODS_DET</TABNAME>
     <FIELDNAME>ID_LNR</FIELDNAME>
     <DDLANGUAGE>S</DDLANGUAGE>
     <POSITION>0001</POSITION>
     <ADMINFIELD>0</ADMINFIELD>
     <INTTYPE>g</INTTYPE>
     <INTLEN>000008</INTLEN>
     <DATATYPE>STRG</DATATYPE>
     <MASK>  STRG</MASK>
     <DDTEXT>GOODS_DET ID_LNR</DDTEXT>
    </DD03P>
    <DD03P>
     <TABNAME>ZST_GETWFR_GOODS_DET</TABNAME>
     <FIELDNAME>ZEILE</FIELDNAME>
     <DDLANGUAGE>S</DDLANGUAGE>
     <POSITION>0002</POSITION>
     <ADMINFIELD>0</ADMINFIELD>
     <INTTYPE>g</INTTYPE>
     <INTLEN>000008</INTLEN>
     <DATATYPE>STRG</DATATYPE>
     <MASK>  STRG</MASK>
     <DDTEXT>GOODS_DET Line</DDTEXT>
    </DD03P>
    <DD03P>
     <TABNAME>ZST_GETWFR_GOODS_DET</TABNAME>
     <FIELDNAME>EBELN</FIELDNAME>
     <DDLANGUAGE>S</DDLANGUAGE>
     <POSITION>0003</POSITION>
     <ADMINFIELD>0</ADMINFIELD>
     <INTTYPE>g</INTTYPE>
     <INTLEN>000008</INTLEN>
     <DATATYPE>STRG</DATATYPE>
     <MASK>  STRG</MASK>
     <DDTEXT>GOODS_DET ID</DDTEXT>
    </DD03P>
    <DD03P>
     <TABNAME>ZST_GETWFR_GOODS_DET</TABNAME>
     <FIELDNAME>EBELP</FIELDNAME>
     <DDLANGUAGE>S</DDLANGUAGE>
     <POSITION>0004</POSITION>
     <ADMINFIELD>0</ADMINFIELD>
     <INTTYPE>g</INTTYPE>
     <INTLEN>000008</INTLEN>
     <DATATYPE>STRG</DATATYPE>
     <MASK>  STRG</MASK>
     <DDTEXT>GOODS_OC_pos</DDTEXT>
    </DD03P>
    <DD03P>
     <TABNAME>ZST_GETWFR_GOODS_DET</TABNAME>
     <FIELDNAME>MATNR</FIELDNAME>
     <DDLANGUAGE>S</DDLANGUAGE>
     <POSITION>0005</POSITION>
     <ADMINFIELD>0</ADMINFIELD>
     <INTTYPE>g</INTTYPE>
     <INTLEN>000008</INTLEN>
     <DATATYPE>STRG</DATATYPE>
     <MASK>  STRG</MASK>
     <DDTEXT>GOODS_DET Material</DDTEXT>
    </DD03P>
    <DD03P>
     <TABNAME>ZST_GETWFR_GOODS_DET</TABNAME>
     <FIELDNAME>MAKTX</FIELDNAME>
     <DDLANGUAGE>S</DDLANGUAGE>
     <POSITION>0006</POSITION>
     <ADMINFIELD>0</ADMINFIELD>
     <INTTYPE>g</INTTYPE>
     <INTLEN>000008</INTLEN>
     <DATATYPE>STRG</DATATYPE>
     <MASK>  STRG</MASK>
     <DDTEXT>GOODS_DET Description</DDTEXT>
    </DD03P>
    <DD03P>
     <TABNAME>ZST_GETWFR_GOODS_DET</TABNAME>
     <FIELDNAME>MENGE</FIELDNAME>
     <DDLANGUAGE>S</DDLANGUAGE>
     <POSITION>0007</POSITION>
     <ADMINFIELD>0</ADMINFIELD>
     <INTTYPE>g</INTTYPE>
     <INTLEN>000008</INTLEN>
     <DATATYPE>STRG</DATATYPE>
     <MASK>  STRG</MASK>
     <DDTEXT>GOODS_DET Quantity</DDTEXT>
    </DD03P>
    <DD03P>
     <TABNAME>ZST_GETWFR_GOODS_DET</TABNAME>
     <FIELDNAME>MEINS</FIELDNAME>
     <DDLANGUAGE>S</DDLANGUAGE>
     <POSITION>0008</POSITION>
     <ADMINFIELD>0</ADMINFIELD>
     <INTTYPE>g</INTTYPE>
     <INTLEN>000008</INTLEN>
     <DATATYPE>STRG</DATATYPE>
     <MASK>  STRG</MASK>
     <DDTEXT>GOODS_DET UM</DDTEXT>
    </DD03P>
    <DD03P>
     <TABNAME>ZST_GETWFR_GOODS_DET</TABNAME>
     <FIELDNAME>DMBTR</FIELDNAME>
     <DDLANGUAGE>S</DDLANGUAGE>
     <POSITION>0009</POSITION>
     <ADMINFIELD>0</ADMINFIELD>
     <INTTYPE>g</INTTYPE>
     <INTLEN>000008</INTLEN>
     <DATATYPE>STRG</DATATYPE>
     <MASK>  STRG</MASK>
     <DDTEXT>GOODS_DET Total Value</DDTEXT>
    </DD03P>
   </DD03P_TABLE>
  </asx:values>
 </asx:abap>
</abapGit>
