﻿<?xml version="1.0" encoding="utf-8"?>
<abapGit version="v1.0.0" serializer="LCL_OBJECT_TABL" serializer_version="v1.0.0">
 <asx:abap xmlns:asx="http://www.sap.com/abapxml" version="1.0">
  <asx:values>
   <DD02V>
    <TABNAME>ZTGETWFR_001</TABNAME>
    <DDLANGUAGE>S</DDLANGUAGE>
    <TABCLASS>TRANSP</TABCLASS>
    <CLIDEP>X</CLIDEP>
    <DDTEXT>Park Incoming Invoice File Control</DDTEXT>
    <CONTFLAG>A</CONTFLAG>
    <EXCLASS>1</EXCLASS>
   </DD02V>
   <DD09L>
    <TABNAME>ZTGETWFR_001</TABNAME>
    <AS4LOCAL>A</AS4LOCAL>
    <TABKAT>2</TABKAT>
    <TABART>USER</TABART>
    <BUFALLOW>N</BUFALLOW>
   </DD09L>
   <DD03P_TABLE>
    <DD03P>
     <TABNAME>ZTGETWFR_001</TABNAME>
     <FIELDNAME>MANDT</FIELDNAME>
     <POSITION>0001</POSITION>
     <KEYFLAG>X</KEYFLAG>
     <ROLLNAME>MANDT</ROLLNAME>
     <ADMINFIELD>0</ADMINFIELD>
     <NOTNULL>X</NOTNULL>
     <COMPTYPE>E</COMPTYPE>
    </DD03P>
    <DD03P>
     <TABNAME>ZTGETWFR_001</TABNAME>
     <FIELDNAME>F_NAME</FIELDNAME>
     <POSITION>0002</POSITION>
     <KEYFLAG>X</KEYFLAG>
     <ROLLNAME>TEXT200</ROLLNAME>
     <ADMINFIELD>0</ADMINFIELD>
     <NOTNULL>X</NOTNULL>
     <COMPTYPE>E</COMPTYPE>
    </DD03P>
    <DD03P>
     <TABNAME>ZTGETWFR_001</TABNAME>
     <FIELDNAME>INV_NO</FIELDNAME>
     <POSITION>0003</POSITION>
     <ROLLNAME>CHAR40</ROLLNAME>
     <ADMINFIELD>0</ADMINFIELD>
     <COMPTYPE>E</COMPTYPE>
    </DD03P>
    <DD03P>
     <TABNAME>ZTGETWFR_001</TABNAME>
     <FIELDNAME>GJAHR</FIELDNAME>
     <POSITION>0004</POSITION>
     <ROLLNAME>GJAHR</ROLLNAME>
     <ADMINFIELD>0</ADMINFIELD>
     <COMPTYPE>E</COMPTYPE>
    </DD03P>
    <DD03P>
     <TABNAME>ZTGETWFR_001</TABNAME>
     <FIELDNAME>UNAME</FIELDNAME>
     <POSITION>0005</POSITION>
     <ROLLNAME>UNAME</ROLLNAME>
     <ADMINFIELD>0</ADMINFIELD>
     <COMPTYPE>E</COMPTYPE>
    </DD03P>
    <DD03P>
     <TABNAME>ZTGETWFR_001</TABNAME>
     <FIELDNAME>ERDAT</FIELDNAME>
     <POSITION>0006</POSITION>
     <ROLLNAME>ERDAT</ROLLNAME>
     <ADMINFIELD>0</ADMINFIELD>
     <SHLPORIGIN>T</SHLPORIGIN>
     <COMPTYPE>E</COMPTYPE>
    </DD03P>
    <DD03P>
     <TABNAME>ZTGETWFR_001</TABNAME>
     <FIELDNAME>ERZEI</FIELDNAME>
     <POSITION>0007</POSITION>
     <ROLLNAME>ERZEIT</ROLLNAME>
     <ADMINFIELD>0</ADMINFIELD>
     <SHLPORIGIN>T</SHLPORIGIN>
     <COMPTYPE>E</COMPTYPE>
    </DD03P>
    <DD03P>
     <TABNAME>ZTGETWFR_001</TABNAME>
     <FIELDNAME>STATUS</FIELDNAME>
     <POSITION>0008</POSITION>
     <ROLLNAME>CHAR1</ROLLNAME>
     <ADMINFIELD>0</ADMINFIELD>
     <COMPTYPE>E</COMPTYPE>
    </DD03P>
    <DD03P>
     <TABNAME>ZTGETWFR_001</TABNAME>
     <FIELDNAME>MESSAGE</FIELDNAME>
     <POSITION>0009</POSITION>
     <ROLLNAME>TEXT100</ROLLNAME>
     <ADMINFIELD>0</ADMINFIELD>
     <COMPTYPE>E</COMPTYPE>
    </DD03P>
   </DD03P_TABLE>
  </asx:values>
 </asx:abap>
</abapGit>
